{
    "name": "root",
    "gauges": {
        "MoveToGoal.Policy.Entropy.mean": {
            "value": 1.4918100833892822,
            "min": 1.4918100833892822,
            "max": 2.175020217895508,
            "count": 10
        },
        "MoveToGoal.Policy.Entropy.sum": {
            "value": 74524.8671875,
            "min": 74524.8671875,
            "max": 108911.9609375,
            "count": 10
        },
        "MoveToGoal.Step.mean": {
            "value": 499940.0,
            "min": 49999.0,
            "max": 499940.0,
            "count": 10
        },
        "MoveToGoal.Step.sum": {
            "value": 499940.0,
            "min": 49999.0,
            "max": 499940.0,
            "count": 10
        },
        "MoveToGoal.Policy.ExtrinsicValueEstimate.mean": {
            "value": 1.146661639213562,
            "min": 0.037280935794115067,
            "max": 1.168631672859192,
            "count": 10
        },
        "MoveToGoal.Policy.ExtrinsicValueEstimate.sum": {
            "value": 1089.32861328125,
            "min": 32.9190673828125,
            "max": 1109.031494140625,
            "count": 10
        },
        "MoveToGoal.Environment.EpisodeLength.mean": {
            "value": 161.14006514657981,
            "min": 117.90498812351544,
            "max": 251.4090909090909,
            "count": 10
        },
        "MoveToGoal.Environment.EpisodeLength.sum": {
            "value": 49470.0,
            "min": 49402.0,
            "max": 49935.0,
            "count": 10
        },
        "MoveToGoal.Environment.CumulativeReward.mean": {
            "value": 3.312337666580623,
            "min": 1.111401418184158,
            "max": 3.312337666580623,
            "count": 10
        },
        "MoveToGoal.Environment.CumulativeReward.sum": {
            "value": 1020.2000013068318,
            "min": 259.499998614192,
            "max": 1020.2000013068318,
            "count": 10
        },
        "MoveToGoal.Policy.ExtrinsicReward.mean": {
            "value": 3.312337666580623,
            "min": 1.111401418184158,
            "max": 3.312337666580623,
            "count": 10
        },
        "MoveToGoal.Policy.ExtrinsicReward.sum": {
            "value": 1020.2000013068318,
            "min": 259.499998614192,
            "max": 1020.2000013068318,
            "count": 10
        },
        "MoveToGoal.Losses.PolicyLoss.mean": {
            "value": 0.024555339746487638,
            "min": 0.023314105554794275,
            "max": 0.026318097702460363,
            "count": 10
        },
        "MoveToGoal.Losses.PolicyLoss.sum": {
            "value": 0.12277669873243818,
            "min": 0.09968546317347016,
            "max": 0.13159048851230182,
            "count": 10
        },
        "MoveToGoal.Losses.ValueLoss.mean": {
            "value": 0.17997647434473035,
            "min": 0.033177776137987766,
            "max": 0.1814685473839442,
            "count": 10
        },
        "MoveToGoal.Losses.ValueLoss.sum": {
            "value": 0.8998823717236518,
            "min": 0.13271110455195106,
            "max": 0.907342736919721,
            "count": 10
        },
        "MoveToGoal.Policy.LearningRate.mean": {
            "value": 1.6516174494639992e-05,
            "min": 1.6516174494639992e-05,
            "max": 0.00028458330513889997,
            "count": 10
        },
        "MoveToGoal.Policy.LearningRate.sum": {
            "value": 8.258087247319997e-05,
            "min": 8.258087247319997e-05,
            "max": 0.001284198071934,
            "count": 10
        },
        "MoveToGoal.Policy.Epsilon.mean": {
            "value": 0.10550535999999999,
            "min": 0.10550535999999999,
            "max": 0.1948611,
            "count": 10
        },
        "MoveToGoal.Policy.Epsilon.sum": {
            "value": 0.5275268,
            "min": 0.5000642000000001,
            "max": 0.9280660000000001,
            "count": 10
        },
        "MoveToGoal.Policy.Beta.mean": {
            "value": 0.000284717464,
            "min": 0.000284717464,
            "max": 0.004743568890000001,
            "count": 10
        },
        "MoveToGoal.Policy.Beta.sum": {
            "value": 0.00142358732,
            "min": 0.00142358732,
            "max": 0.021410493399999994,
            "count": 10
        },
        "MoveToGoal.IsTraining.mean": {
            "value": 1.0,
            "min": 1.0,
            "max": 1.0,
            "count": 10
        },
        "MoveToGoal.IsTraining.sum": {
            "value": 1.0,
            "min": 1.0,
            "max": 1.0,
            "count": 10
        }
    },
    "metadata": {
        "timer_format_version": "0.1.0",
        "start_time_seconds": "1673175331",
        "python_version": "3.8.10 (tags/v3.8.10:3d8993a, May  3 2021, 11:48:03) [MSC v.1928 64 bit (AMD64)]",
        "command_line_arguments": "C:\\Users\\Utente\\git\\Raptor-AI\\Raptor-AI\\venv\\Scripts\\mlagents-learn --force",
        "mlagents_version": "0.29.0",
        "mlagents_envs_version": "0.29.0",
        "communication_protocol_version": "1.5.0",
        "pytorch_version": "1.7.0+cu110",
        "numpy_version": "1.21.2",
        "end_time_seconds": "1673176469"
    },
    "total": 1138.0355889999998,
    "count": 1,
    "self": 0.006608199999845965,
    "children": {
        "run_training.setup": {
            "total": 0.032694,
            "count": 1,
            "self": 0.032694
        },
        "TrainerController.start_learning": {
            "total": 1137.9962868,
            "count": 1,
            "self": 3.8303784000256655,
            "children": {
                "TrainerController._reset_env": {
                    "total": 7.5984682,
                    "count": 1,
                    "self": 7.5984682
                },
                "TrainerController.advance": {
                    "total": 1126.5085739999743,
                    "count": 250003,
                    "self": 3.8580470999318095,
                    "children": {
                        "env_step": {
                            "total": 989.8261166000141,
                            "count": 250003,
                            "self": 706.744992500006,
                            "children": {
                                "SubprocessEnvManager._take_step": {
                                    "total": 280.4516522999953,
                                    "count": 250003,
                                    "self": 9.818508399999871,
                                    "children": {
                                        "TorchPolicy.evaluate": {
                                            "total": 270.63314389999545,
                                            "count": 250003,
                                            "self": 54.20809959998397,
                                            "children": {
                                                "TorchPolicy.sample_actions": {
                                                    "total": 216.42504430001148,
                                                    "count": 250003,
                                                    "self": 216.42504430001148
                                                }
                                            }
                                        }
                                    }
                                },
                                "workers": {
                                    "total": 2.6294718000127233,
                                    "count": 250003,
                                    "self": 0.0,
                                    "children": {
                                        "worker_root": {
                                            "total": 1124.8820537000113,
                                            "count": 250003,
                                            "is_parallel": true,