{
    "name": "root",
    "gauges": {
        "MoveToGoalEasyFinal.Policy.Entropy.mean": {
            "value": 1.9990310668945312,
            "min": 1.9990310668945312,
            "max": 1.9990310668945312,
            "count": 1
        },
        "MoveToGoalEasyFinal.Policy.Entropy.sum": {
            "value": 37781.6875,
            "min": 37781.6875,
            "max": 37781.6875,
            "count": 1
        },
        "MoveToGoalEasyFinal.Step.mean": {
            "value": 299980.0,
            "min": 299980.0,
            "max": 299980.0,
            "count": 1
        },
        "MoveToGoalEasyFinal.Step.sum": {
            "value": 299980.0,
            "min": 299980.0,
            "max": 299980.0,
            "count": 1
        },
        "MoveToGoalEasyFinal.Policy.ExtrinsicValueEstimate.mean": {
            "value": 0.1431466042995453,
            "min": 0.1431466042995453,
            "max": 0.1431466042995453,
            "count": 1
        },
        "MoveToGoalEasyFinal.Policy.ExtrinsicValueEstimate.sum": {
            "value": 42.228248596191406,
            "min": 42.228248596191406,
            "max": 42.228248596191406,
            "count": 1
        },
        "MoveToGoalEasyFinal.Losses.PolicyLoss.mean": {
            "value": 0.022256323074301084,
            "min": 0.022256323074301084,
            "max": 0.022256323074301084,
            "count": 1
        },
        "MoveToGoalEasyFinal.Losses.PolicyLoss.sum": {
            "value": 0.022256323074301084,
            "min": 0.022256323074301084,
            "max": 0.022256323074301084,
            "count": 1
        },
        "MoveToGoalEasyFinal.Losses.ValueLoss.mean": {
            "value": 0.2209062452117602,
            "min": 0.2209062452117602,
            "max": 0.2209062452117602,
            "count": 1
        },
        "MoveToGoalEasyFinal.Losses.ValueLoss.sum": {
            "value": 0.2209062452117602,
            "min": 0.2209062452117602,
            "max": 0.2209062452117602,
            "count": 1
        },
        "MoveToGoalEasyFinal.Policy.LearningRate.mean": {
            "value": 0.000124824058392,
            "min": 0.000124824058392,
            "max": 0.000124824058392,
            "count": 1
        },
        "MoveToGoalEasyFinal.Policy.LearningRate.sum": {
            "value": 0.000124824058392,
            "min": 0.000124824058392,
            "max": 0.000124824058392,
            "count": 1
        },
        "MoveToGoalEasyFinal.Policy.Epsilon.mean": {
            "value": 0.14160800000000004,
            "min": 0.14160800000000004,
            "max": 0.14160800000000004,
            "count": 1
        },
        "MoveToGoalEasyFinal.Policy.Epsilon.sum": {
            "value": 0.14160800000000004,
            "min": 0.14160800000000004,
            "max": 0.14160800000000004,
            "count": 1
        },
        "MoveToGoalEasyFinal.Policy.Beta.mean": {
            "value": 0.0020862392000000002,
            "min": 0.0020862392000000002,
            "max": 0.0020862392000000002,
            "count": 1
        },
        "MoveToGoalEasyFinal.Policy.Beta.sum": {
            "value": 0.0020862392000000002,
            "min": 0.0020862392000000002,
            "max": 0.0020862392000000002,
            "count": 1
        },
        "MoveToGoalEasyFinal.Environment.EpisodeLength.mean": {
            "value": 2499.0,
            "min": 2499.0,
            "max": 2499.0,
            "count": 1
        },
        "MoveToGoalEasyFinal.Environment.EpisodeLength.sum": {
            "value": 12495.0,
            "min": 12495.0,
            "max": 12495.0,
            "count": 1
        },
        "MoveToGoalEasyFinal.Environment.CumulativeReward.mean": {
            "value": -8.048998682573437,
            "min": -8.048998682573437,
            "max": -8.048998682573437,
            "count": 1
        },
        "MoveToGoalEasyFinal.Environment.CumulativeReward.sum": {
            "value": -40.24499341286719,
            "min": -40.24499341286719,
            "max": -40.24499341286719,
            "count": 1
        },
        "MoveToGoalEasyFinal.Policy.ExtrinsicReward.mean": {
            "value": -8.048998682573437,
            "min": -8.048998682573437,
            "max": -8.048998682573437,
            "count": 1
        },
        "MoveToGoalEasyFinal.Policy.ExtrinsicReward.sum": {
            "value": -40.24499341286719,
            "min": -40.24499341286719,
            "max": -40.24499341286719,
            "count": 1
        },
        "MoveToGoalEasyFinal.IsTraining.mean": {
            "value": 1.0,
            "min": 1.0,
            "max": 1.0,
            "count": 1
        },
        "MoveToGoalEasyFinal.IsTraining.sum": {
            "value": 1.0,
            "min": 1.0,
            "max": 1.0,
            "count": 1
        }
    },
    "metadata": {
        "timer_format_version": "0.1.0",
        "start_time_seconds": "1673821480",
        "python_version": "3.8.10 (tags/v3.8.10:3d8993a, May  3 2021, 11:48:03) [MSC v.1928 64 bit (AMD64)]",
        "command_line_arguments": "C:\\Users\\UTENTE\\Documents\\GitHub\\Raptor-AI\\Raptor-AI\\venv\\Scripts\\mlagents-learn --resume",
        "mlagents_version": "0.29.0",
        "mlagents_envs_version": "0.29.0",
        "communication_protocol_version": "1.5.0",
        "pytorch_version": "1.7.0+cu110",
        "numpy_version": "1.21.2",
        "end_time_seconds": "1673821552"
    },
    "total": 72.4291196,
    "count": 1,
    "self": 0.005004700000000639,
    "children": {
        "run_training.setup": {
            "total": 0.023952399999999985,
            "count": 1,
            "self": 0.023952399999999985
        },
        "TrainerController.start_learning": {
            "total": 72.40016250000001,
            "count": 1,
            "self": 0.10601560000053212,
            "children": {
                "TrainerController._reset_env": {
                    "total": 6.6787567,
                    "count": 1,
                    "self": 6.6787567
                },
                "TrainerController.advance": {
                    "total": 65.53645889999947,
                    "count": 8268,
                    "self": 0.09283350000008284,
                    "children": {
                        "env_step": {
                            "total": 55.77122959999963,
                            "count": 8268,
                            "self": 30.328415299999786,
                            "children": {
                                "SubprocessEnvManager._take_step": {
                                    "total": 25.377674300000166,
                                    "count": 8268,
                                    "self": 0.3029321000005183,
                                    "children": {
                                        "TorchPolicy.evaluate": {
                                            "total": 25.074742199999648,
                                            "count": 8268,
                                            "self": 10.454004699999473,
                                            "children": {
                                                "TorchPolicy.sample_actions": {
                                                    "total": 14.620737500000175,
                                                    "count": 8268,
                                                    "self": 14.620737500000175
                                                }
                                            }
                                        }
                                    }
                                },
                                "workers": {
                                    "total": 0.06513999999967623,
                                    "count": 8268,
                                    "self": 0.0,