{
    "name": "root",
    "gauges": {
        "OvalNNFinal.Policy.Entropy.mean": {
            "value": 1.9198071956634521,
            "min": 1.9179006814956665,
            "max": 2.1934430599212646,
            "count": 10
        },
        "OvalNNFinal.Policy.Entropy.sum": {
            "value": 96220.734375,
            "min": 95779.9609375,
            "max": 109935.3671875,
            "count": 10
        },
        "OvalNNFinal.Step.mean": {
            "value": 499992.0,
            "min": 49992.0,
            "max": 499992.0,
            "count": 10
        },
        "OvalNNFinal.Step.sum": {
            "value": 499992.0,
            "min": 49992.0,
            "max": 499992.0,
            "count": 10
        },
        "OvalNNFinal.Policy.ExtrinsicValueEstimate.mean": {
            "value": 1.493936538696289,
            "min": -0.23682363331317902,
            "max": 1.5020838975906372,
            "count": 10
        },
        "OvalNNFinal.Policy.ExtrinsicValueEstimate.sum": {
            "value": 1193.6552734375,
            "min": -188.98526000976562,
            "max": 1203.169189453125,
            "count": 10
        },
        "OvalNNFinal.Environment.EpisodeLength.mean": {
            "value": 1499.0,
            "min": 1499.0,
            "max": 1499.0,
            "count": 10
        },
        "OvalNNFinal.Environment.EpisodeLength.sum": {
            "value": 44970.0,
            "min": 44970.0,
            "max": 52465.0,
            "count": 10
        },
        "OvalNNFinal.Environment.CumulativeReward.mean": {
            "value": 27.483870967741936,
            "min": -4.624499649306139,
            "max": 27.483870967741936,
            "count": 10
        },
        "OvalNNFinal.Environment.CumulativeReward.sum": {
            "value": 852.0,
            "min": -138.73498947918415,
            "max": 852.0,
            "count": 10
        },
        "OvalNNFinal.Policy.ExtrinsicReward.mean": {
            "value": 27.483870967741936,
            "min": -4.624499649306139,
            "max": 27.483870967741936,
            "count": 10
        },
        "OvalNNFinal.Policy.ExtrinsicReward.sum": {
            "value": 852.0,
            "min": -138.73498947918415,
            "max": 852.0,
            "count": 10
        },
        "OvalNNFinal.Losses.PolicyLoss.mean": {
            "value": 0.022558689889168215,
            "min": 0.019528545627448088,
            "max": 0.02611542677972466,
            "count": 10
        },
        "OvalNNFinal.Losses.PolicyLoss.sum": {
            "value": 0.09023475955667286,
            "min": 0.07811418250979235,
            "max": 0.1305771338986233,
            "count": 10
        },
        "OvalNNFinal.Losses.ValueLoss.mean": {
            "value": 0.3447544497748216,
            "min": 0.017635111274042478,
            "max": 0.3447544497748216,
            "count": 10
        },
        "OvalNNFinal.Losses.ValueLoss.sum": {
            "value": 1.3790177990992865,
            "min": 0.07054044509616991,
            "max": 1.6842753291130066,
            "count": 10
        },
        "OvalNNFinal.Policy.LearningRate.mean": {
            "value": 0.0002525295158235,
            "min": 0.0002525295158235,
            "max": 0.0002973980008673333,
            "count": 10
        },
        "OvalNNFinal.Policy.LearningRate.sum": {
            "value": 0.001010118063294,
            "min": 0.001010118063294,
            "max": 0.001463516012161333,
            "count": 10
        },
        "OvalNNFinal.Policy.Epsilon.mean": {
            "value": 0.1841765,
            "min": 0.1841765,
            "max": 0.19913266666666668,
            "count": 10
        },
        "OvalNNFinal.Policy.Epsilon.sum": {
            "value": 0.736706,
            "min": 0.736706,
            "max": 0.9878386666666668,
            "count": 10
        },
        "OvalNNFinal.Policy.Beta.mean": {
            "value": 0.0042104073500000005,
            "min": 0.0042104073500000005,
            "max": 0.0049567200666666665,
            "count": 10
        },
        "OvalNNFinal.Policy.Beta.sum": {
            "value": 0.016841629400000002,
            "min": 0.016841629400000002,
            "max": 0.02439314946666667,
            "count": 10
        },
        "OvalNNFinal.IsTraining.mean": {
            "value": 1.0,
            "min": 1.0,
            "max": 1.0,
            "count": 10
        },
        "OvalNNFinal.IsTraining.sum": {
            "value": 1.0,
            "min": 1.0,
            "max": 1.0,
            "count": 10
        }
    },
    "metadata": {
        "timer_format_version": "0.1.0",
        "start_time_seconds": "1673872405",
        "python_version": "3.8.10 (tags/v3.8.10:3d8993a, May  3 2021, 11:48:03) [MSC v.1928 64 bit (AMD64)]",
        "command_line_arguments": "C:\\Users\\franc\\git\\Raptor-AI\\Raptor-AI\\venv\\Scripts\\mlagents-learn config\\OvalNNFinal.yaml --force",
        "mlagents_version": "0.29.0",
        "mlagents_envs_version": "0.29.0",
        "communication_protocol_version": "1.5.0",
        "pytorch_version": "1.7.0+cpu",
        "numpy_version": "1.21.2",
        "end_time_seconds": "1673873369"
    },
    "total": 963.9567879,
    "count": 1,
    "self": 0.009374299999990399,
    "children": {
        "run_training.setup": {
            "total": 0.14318009999999992,
            "count": 1,
            "self": 0.14318009999999992
        },
        "TrainerController.start_learning": {
            "total": 963.8042335,
            "count": 1,
            "self": 2.0475860000002513,
            "children": {
                "TrainerController._reset_env": {
                    "total": 6.786002099999999,
                    "count": 1,
                    "self": 6.786002099999999
                },
                "TrainerController.advance": {
                    "total": 954.8729035999997,
                    "count": 100345,
                    "self": 1.7352934999884155,
                    "children": {
                        "env_step": {
                            "total": 797.5115761000094,
                            "count": 100345,
                            "self": 652.0208315000065,
                            "children": {
                                "SubprocessEnvManager._take_step": {
                                    "total": 144.10702830000878,
                                    "count": 100345,
                                    "self": 5.512394399994918,
                                    "children": {
                                        "TorchPolicy.evaluate": {
                                            "total": 138.59463390001386,
                                            "count": 100345,
                                            "self": 28.770430100025607,
                                            "children": {
                                                "TorchPolicy.sample_actions": {
                                                    "total": 109.82420379998825,
                                                    "count": 100345,
                                                    "self": 109.82420379998825
                                                }
                                            }
                                        }
                                    }
                                },
                                "workers": {
                                    "total": 1.383716299994136,
                                    "count": 100344,
                                    "self": 0.0,
                                    "children": {
                                        "worker_root": {
                                            "total": 953.2712031000152,
                                            "count": 100344,
                                            "is_parallel": true,
                                            "self": 422.028984500011,