{
    "name": "root",
    "gauges": {
        "MoveToGoalFinal.Policy.Entropy.mean": {
            "value": 1.9539302587509155,
            "min": 1.6815133094787598,
            "max": 2.1794769763946533,
            "count": 27
        },
        "MoveToGoalFinal.Policy.Entropy.sum": {
            "value": 97696.515625,
            "min": 84075.6640625,
            "max": 108973.84375,
            "count": 27
        },
        "MoveToGoalFinal.Step.mean": {
            "value": 1349996.0,
            "min": 49996.0,
            "max": 1349996.0,
            "count": 27
        },
        "MoveToGoalFinal.Step.sum": {
            "value": 1349996.0,
            "min": 49996.0,
            "max": 1349996.0,
            "count": 27
        },
        "MoveToGoalFinal.Policy.ExtrinsicValueEstimate.mean": {
            "value": 2.483806848526001,
            "min": -0.38054952025413513,
            "max": 2.8464362621307373,
            "count": 27
        },
        "MoveToGoalFinal.Policy.ExtrinsicValueEstimate.sum": {
            "value": 1987.04541015625,
            "min": -304.4396057128906,
            "max": 2277.14892578125,
            "count": 27
        },
        "MoveToGoalFinal.Losses.PolicyLoss.mean": {
            "value": 0.022646821992627034,
            "min": 0.020906642714204886,
            "max": 0.02595154554272691,
            "count": 27
        },
        "MoveToGoalFinal.Losses.PolicyLoss.sum": {
            "value": 0.09058728797050813,
            "min": 0.09025736300585172,
            "max": 0.12975772771363456,
            "count": 27
        },
        "MoveToGoalFinal.Losses.ValueLoss.mean": {
            "value": 0.661368585874637,
            "min": 0.07843347595383725,
            "max": 1.6776931595802307,
            "count": 27
        },
        "MoveToGoalFinal.Losses.ValueLoss.sum": {
            "value": 2.645474343498548,
            "min": 0.35515961050987244,
            "max": 8.388465797901153,
            "count": 27
        },
        "MoveToGoalFinal.Policy.LearningRate.mean": {
            "value": 0.0002602407132531,
            "min": 0.0002602407132531,
            "max": 0.00029922150025949996,
            "count": 27
        },
        "MoveToGoalFinal.Policy.LearningRate.sum": {
            "value": 0.0010409628530124,
            "min": 0.0010409628530124,
            "max": 0.0014891460036179998,
            "count": 27
        },
        "MoveToGoalFinal.Policy.Epsilon.mean": {
            "value": 0.18674690000000005,
            "min": 0.18674690000000005,
            "max": 0.1997405,
            "count": 27
        },
        "MoveToGoalFinal.Policy.Epsilon.sum": {
            "value": 0.7469876000000002,
            "min": 0.7469876000000002,
            "max": 0.9963819999999999,
            "count": 27
        },
        "MoveToGoalFinal.Policy.Beta.mean": {
            "value": 0.004338670310000001,
            "min": 0.004338670310000001,
            "max": 0.0049870509499999995,
            "count": 27
        },
        "MoveToGoalFinal.Policy.Beta.sum": {
            "value": 0.017354681240000003,
            "min": 0.017354681240000003,
            "max": 0.024819461800000005,
            "count": 27
        },
        "MoveToGoalFinal.Environment.EpisodeLength.mean": {
            "value": 2499.0,
            "min": 2499.0,
            "max": 2499.0,
            "count": 27
        },
        "MoveToGoalFinal.Environment.EpisodeLength.sum": {
            "value": 49980.0,
            "min": 49980.0,
            "max": 49980.0,
            "count": 27
        },
        "MoveToGoalFinal.Environment.CumulativeReward.mean": {
            "value": 61.53875009277836,
            "min": -16.622748588956892,
            "max": 71.43500008378177,
            "count": 27
        },
        "MoveToGoalFinal.Environment.CumulativeReward.sum": {
            "value": 1230.775001855567,
            "min": -332.45497177913785,
            "max": 1428.7000016756356,
            "count": 27
        },
        "MoveToGoalFinal.Policy.ExtrinsicReward.mean": {
            "value": 61.53875009277836,
            "min": -16.622748588956892,
            "max": 71.43500008378177,
            "count": 27
        },
        "MoveToGoalFinal.Policy.ExtrinsicReward.sum": {
            "value": 1230.775001855567,
            "min": -332.45497177913785,
            "max": 1428.7000016756356,
            "count": 27
        },
        "MoveToGoalFinal.IsTraining.mean": {
            "value": 1.0,
            "min": 1.0,
            "max": 1.0,
            "count": 27
        },
        "MoveToGoalFinal.IsTraining.sum": {
            "value": 1.0,
            "min": 1.0,
            "max": 1.0,
            "count": 27
        }
    },
    "metadata": {
        "timer_format_version": "0.1.0",
        "start_time_seconds": "1673811507",
        "python_version": "3.8.10 (tags/v3.8.10:3d8993a, May  3 2021, 11:48:03) [MSC v.1928 64 bit (AMD64)]",
        "command_line_arguments": "C:\\Users\\UTENTE\\Documents\\GitHub\\Raptor-AI\\Raptor-AI\\venv\\Scripts\\mlagents-learn config\\MoveToGoalFinal.yaml --force",
        "mlagents_version": "0.29.0",
        "mlagents_envs_version": "0.29.0",
        "communication_protocol_version": "1.5.0",
        "pytorch_version": "1.7.0+cu110",
        "numpy_version": "1.21.2",
        "end_time_seconds": "1673813766"
    },
    "total": 2259.2422066,
    "count": 1,
    "self": 0.004393199999867647,
    "children": {
        "run_training.setup": {
            "total": 0.07570080000000001,
            "count": 1,
            "self": 0.07570080000000001
        },
        "TrainerController.start_learning": {
            "total": 2259.1621126,
            "count": 1,
            "self": 3.246474499984288,
            "children": {
                "TrainerController._reset_env": {
                    "total": 6.9926533,
                    "count": 1,
                    "self": 6.9926533
                },
                "TrainerController.advance": {
                    "total": 2248.864968000016,
                    "count": 276583,
                    "self": 2.9184756000358902,
                    "children": {
                        "env_step": {
                            "total": 1810.5774296000054,
                            "count": 276583,
                            "self": 946.5868451999937,
                            "children": {
                                "SubprocessEnvManager._take_step": {
                                    "total": 861.8618904999852,
                                    "count": 276583,
                                    "self": 9.973929000052294,
                                    "children": {
                                        "TorchPolicy.evaluate": {
                                            "total": 851.8879614999329,
                                            "count": 276583,
                                            "self": 358.0371288999461,
                                            "children": {
                                                "TorchPolicy.sample_actions": {
                                                    "total": 493.8508325999868,
                                                    "count": 276583,
                                                    "self": 493.8508325999868
                                                }
                                            }
                                        }
                                    }
                                },
                                "workers": {
                                    "total": 2.1286939000265335,
                                    "count": 276582,
                                    "self": 0.0,
                                    "children": {
                                        "worker_root": {
                                            "total": 2248.6165743998677,