{
    "name": "root",
    "gauges": {
        "MoveToGoal.Policy.Entropy.mean": {
            "value": 2.1209335327148438,
            "min": 2.1209335327148438,
            "max": 2.18951678276062,
            "count": 2
        },
        "MoveToGoal.Policy.Entropy.sum": {
            "value": 105974.5703125,
            "min": 105974.5703125,
            "max": 109605.015625,
            "count": 2
        },
        "MoveToGoal.Step.mean": {
            "value": 99961.0,
            "min": 49995.0,
            "max": 99961.0,
            "count": 2
        },
        "MoveToGoal.Step.sum": {
            "value": 99961.0,
            "min": 49995.0,
            "max": 99961.0,
            "count": 2
        },
        "MoveToGoal.Policy.ExtrinsicValueEstimate.mean": {
            "value": 0.08707243949174881,
            "min": -0.013153571635484695,
            "max": 0.08707243949174881,
            "count": 2
        },
        "MoveToGoal.Policy.ExtrinsicValueEstimate.sum": {
            "value": 72.87963104248047,
            "min": -10.904311180114746,
            "max": 72.87963104248047,
            "count": 2
        },
        "MoveToGoal.Environment.EpisodeLength.mean": {
            "value": 426.6068376068376,
            "min": 426.6068376068376,
            "max": 505.83505154639175,
            "count": 2
        },
        "MoveToGoal.Environment.EpisodeLength.sum": {
            "value": 49913.0,
            "min": 49066.0,
            "max": 49913.0,
            "count": 2
        },
        "MoveToGoal.Environment.CumulativeReward.mean": {
            "value": 1.2606837606837606,
            "min": 0.25773195876288657,
            "max": 1.2606837606837606,
            "count": 2
        },
        "MoveToGoal.Environment.CumulativeReward.sum": {
            "value": 147.5,
            "min": 25.0,
            "max": 147.5,
            "count": 2
        },
        "MoveToGoal.Policy.ExtrinsicReward.mean": {
            "value": 1.2606837606837606,
            "min": 0.25773195876288657,
            "max": 1.2606837606837606,
            "count": 2
        },
        "MoveToGoal.Policy.ExtrinsicReward.sum": {
            "value": 147.5,
            "min": 25.0,
            "max": 147.5,
            "count": 2
        },
        "MoveToGoal.Losses.PolicyLoss.mean": {
            "value": 0.02367929038902124,
            "min": 0.02367929038902124,
            "max": 0.0236888562348516,
            "count": 2
        },
        "MoveToGoal.Losses.PolicyLoss.sum": {
            "value": 0.1183964519451062,
            "min": 0.0947554249394064,
            "max": 0.1183964519451062,
            "count": 2
        },
        "MoveToGoal.Losses.ValueLoss.mean": {
            "value": 0.01808378657326102,
            "min": 0.009850385994650424,
            "max": 0.01808378657326102,
            "count": 2
        },
        "MoveToGoal.Losses.ValueLoss.sum": {
            "value": 0.0904189328663051,
            "min": 0.0394015439786017,
            "max": 0.0904189328663051,
            "count": 2
        },
        "MoveToGoal.Policy.LearningRate.mean": {
            "value": 0.00025681033439656,
            "min": 0.00025681033439656,
            "max": 0.00028456935514355,
            "count": 2
        },
        "MoveToGoal.Policy.LearningRate.sum": {
            "value": 0.0012840516719828,
            "min": 0.0011382774205742,
            "max": 0.0012840516719828,
            "count": 2
        },
        "MoveToGoal.Policy.Epsilon.mean": {
            "value": 0.18560344,
            "min": 0.18560344,
            "max": 0.19485645000000001,
            "count": 2
        },
        "MoveToGoal.Policy.Epsilon.sum": {
            "value": 0.9280172000000001,
            "min": 0.7794258000000001,
            "max": 0.9280172000000001,
            "count": 2
        },
        "MoveToGoal.Policy.Beta.mean": {
            "value": 0.004281611655999999,
            "min": 0.004281611655999999,
            "max": 0.004743336855,
            "count": 2
        },
        "MoveToGoal.Policy.Beta.sum": {
            "value": 0.021408058279999996,
            "min": 0.01897334742,
            "max": 0.021408058279999996,
            "count": 2
        },
        "MoveToGoal.IsTraining.mean": {
            "value": 1.0,
            "min": 1.0,
            "max": 1.0,
            "count": 2
        },
        "MoveToGoal.IsTraining.sum": {
            "value": 1.0,
            "min": 1.0,
            "max": 1.0,
            "count": 2
        }
    },
    "metadata": {
        "timer_format_version": "0.1.0",
        "start_time_seconds": "1673032282",
        "python_version": "3.8.10 (tags/v3.8.10:3d8993a, May  3 2021, 11:48:03) [MSC v.1928 64 bit (AMD64)]",
        "command_line_arguments": "C:\\Users\\franc\\git\\Raptor-AI\\Raptor-AI\\venv\\Scripts\\mlagents-learn --force",
        "mlagents_version": "0.29.0",
        "mlagents_envs_version": "0.29.0",
        "communication_protocol_version": "1.5.0",
        "pytorch_version": "1.7.0+cpu",
        "numpy_version": "1.21.2",
        "end_time_seconds": "1673033173"
    },
    "total": 890.6795903999999,
    "count": 1,
    "self": 0.00667780000003404,
    "children": {
        "run_training.setup": {
            "total": 0.054714699999999894,
            "count": 1,
            "self": 0.054714699999999894
        },
        "TrainerController.start_learning": {
            "total": 890.6181978999999,
            "count": 1,
            "self": 2.5475702999899568,
            "children": {
                "TrainerController._reset_env": {
                    "total": 13.465307300000001,
                    "count": 1,
                    "self": 13.465307300000001
                },
                "TrainerController.advance": {
                    "total": 874.42055770001,
                    "count": 119117,
                    "self": 2.050122399975521,
                    "children": {
                        "env_step": {
                            "total": 833.3607593000239,
                            "count": 119117,
                            "self": 665.8378240000146,
                            "children": {
                                "SubprocessEnvManager._take_step": {
                                    "total": 165.84435950001443,
                                    "count": 119117,
                                    "self": 7.4254252000058045,
                                    "children": {
                                        "TorchPolicy.evaluate": {
                                            "total": 158.41893430000863,
                                            "count": 119117,
                                            "self": 37.366252800018174,
                                            "children": {
                                                "TorchPolicy.sample_actions": {
                                                    "total": 121.05268149999046,
                                                    "count": 119117,
                                                    "self": 121.05268149999046
                                                }
                                            }
                                        }
                                    }
                                },
                                "workers": {
                                    "total": 1.6785757999948654,
                                    "count": 119116,
                                    "self": 0.0,
                                    "children": {
                                        "worker_root": {
                                            "total": 808.7656294999999,
                                            "count": 119116,
                                            "is_parallel": true,
                                            "self": 353.9732794999965,