{
    "name": "root",
    "gauges": {
        "LastNNEasy.Policy.Entropy.mean": {
            "value": 1.5907469987869263,
            "min": 1.5907469987869263,
            "max": 1.8920788764953613,
            "count": 10
        },
        "LastNNEasy.Policy.Entropy.sum": {
            "value": 79537.3515625,
            "min": 54493.34765625,
            "max": 94603.9453125,
            "count": 10
        },
        "LastNNEasy.Step.mean": {
            "value": 2499992.0,
            "min": 2049992.0,
            "max": 2499992.0,
            "count": 10
        },
        "LastNNEasy.Step.sum": {
            "value": 2499992.0,
            "min": 2049992.0,
            "max": 2499992.0,
            "count": 10
        },
        "LastNNEasy.Policy.ExtrinsicValueEstimate.mean": {
            "value": 1.8897507190704346,
            "min": 1.1322765350341797,
            "max": 1.8897507190704346,
            "count": 10
        },
        "LastNNEasy.Policy.ExtrinsicValueEstimate.sum": {
            "value": 1511.800537109375,
            "min": 524.2440185546875,
            "max": 1511.800537109375,
            "count": 10
        },
        "LastNNEasy.Environment.EpisodeLength.mean": {
            "value": 1999.0,
            "min": 1999.0,
            "max": 1999.0,
            "count": 10
        },
        "LastNNEasy.Environment.EpisodeLength.sum": {
            "value": 49975.0,
            "min": 19990.0,
            "max": 49975.0,
            "count": 10
        },
        "LastNNEasy.Environment.CumulativeReward.mean": {
            "value": 38.6313999305293,
            "min": 25.659199877977372,
            "max": 38.6313999305293,
            "count": 10
        },
        "LastNNEasy.Environment.CumulativeReward.sum": {
            "value": 965.7849982632324,
            "min": 349.5249990224838,
            "max": 965.7849982632324,
            "count": 10
        },
        "LastNNEasy.Policy.ExtrinsicReward.mean": {
            "value": 38.6313999305293,
            "min": 25.659199877977372,
            "max": 38.6313999305293,
            "count": 10
        },
        "LastNNEasy.Policy.ExtrinsicReward.sum": {
            "value": 965.7849982632324,
            "min": 349.5249990224838,
            "max": 965.7849982632324,
            "count": 10
        },
        "LastNNEasy.Losses.PolicyLoss.mean": {
            "value": 0.023674821440751354,
            "min": 0.021564674579227963,
            "max": 0.030773854108216862,
            "count": 10
        },
        "LastNNEasy.Losses.PolicyLoss.sum": {
            "value": 0.11837410720375677,
            "min": 0.061547708216433725,
            "max": 0.12448417289027322,
            "count": 10
        },
        "LastNNEasy.Losses.ValueLoss.mean": {
            "value": 0.46231959263483685,
            "min": 0.35459229479233423,
            "max": 0.4924346633752187,
            "count": 10
        },
        "LastNNEasy.Losses.ValueLoss.sum": {
            "value": 2.3115979631741843,
            "min": 0.9181627055009206,
            "max": 2.4621733168760933,
            "count": 10
        },
        "LastNNEasy.Policy.LearningRate.mean": {
            "value": 0.00022575002474999997,
            "min": 0.00022575002474999997,
            "max": 0.00023891042036319993,
            "count": 10
        },
        "LastNNEasy.Policy.LearningRate.sum": {
            "value": 0.0011287501237499998,
            "min": 0.00047782084072639985,
            "max": 0.001189134103622,
            "count": 10
        },
        "LastNNEasy.Policy.Epsilon.mean": {
            "value": 0.17525000000000002,
            "min": 0.17525000000000002,
            "max": 0.17963679999999999,
            "count": 10
        },
        "LastNNEasy.Policy.Epsilon.sum": {
            "value": 0.8762500000000001,
            "min": 0.35927359999999997,
            "max": 0.896378,
            "count": 10
        },
        "LastNNEasy.Policy.Beta.mean": {
            "value": 0.0037649750000000003,
            "min": 0.0037649750000000003,
            "max": 0.003983876320000001,
            "count": 10
        },
        "LastNNEasy.Policy.Beta.sum": {
            "value": 0.018824875,
            "min": 0.007967752640000002,
            "max": 0.019829262199999996,
            "count": 10
        },
        "LastNNEasy.IsTraining.mean": {
            "value": 1.0,
            "min": 1.0,
            "max": 1.0,
            "count": 10
        },
        "LastNNEasy.IsTraining.sum": {
            "value": 1.0,
            "min": 1.0,
            "max": 1.0,
            "count": 10
        }
    },
    "metadata": {
        "timer_format_version": "0.1.0",
        "start_time_seconds": "1673864097",
        "python_version": "3.8.10 (tags/v3.8.10:3d8993a, May  3 2021, 11:48:03) [MSC v.1928 64 bit (AMD64)]",
        "command_line_arguments": "C:\\Users\\UTENTE\\Documents\\GitHub\\Raptor-AI\\Raptor-AI\\venv\\Scripts\\mlagents-learn config\\LastNNEasy.yaml --resume",
        "mlagents_version": "0.29.0",
        "mlagents_envs_version": "0.29.0",
        "communication_protocol_version": "1.5.0",
        "pytorch_version": "1.7.0+cu110",
        "numpy_version": "1.21.2",
        "end_time_seconds": "1673864835"
    },
    "total": 738.7423378999999,
    "count": 1,
    "self": 0.004310799999984738,
    "children": {
        "run_training.setup": {
            "total": 0.07364970000000004,
            "count": 1,
            "self": 0.07364970000000004
        },
        "TrainerController.start_learning": {
            "total": 738.6643773999999,
            "count": 1,
            "self": 0.9584654000003638,
            "children": {
                "TrainerController._reset_env": {
                    "total": 16.555782699999998,
                    "count": 1,
                    "self": 16.555782699999998
                },
                "TrainerController.advance": {
                    "total": 721.0915633999995,
                    "count": 99088,
                    "self": 0.9165784000059602,
                    "children": {
                        "env_step": {
                            "total": 605.6621645999968,
                            "count": 99088,
                            "self": 303.97415420002085,
                            "children": {
                                "SubprocessEnvManager._take_step": {
                                    "total": 301.02716170000394,
                                    "count": 99088,
                                    "self": 3.230620000007832,
                                    "children": {
                                        "TorchPolicy.evaluate": {
                                            "total": 297.7965416999961,
                                            "count": 99088,
                                            "self": 131.74465869999977,
                                            "children": {
                                                "TorchPolicy.sample_actions": {
                                                    "total": 166.05188299999634,
                                                    "count": 99088,
                                                    "self": 166.05188299999634
                                                }
                                            }
                                        }
                                    }
                                },
                                "workers": {
                                    "total": 0.6608486999720036,
                                    "count": 99088,
                                    "self": 0.0,
                                    "children": {
                                        "worker_root": {
                                            "total": 720.8499478999901,
                                            "count": 99088,