{
    "name": "root",
    "gauges": {
        "MoveToGoal.Policy.Entropy.mean": {
            "value": 2.010990619659424,
            "min": 2.010990619659424,
            "max": 2.158022165298462,
            "count": 2
        },
        "MoveToGoal.Policy.Entropy.sum": {
            "value": 100453.0,
            "min": 100453.0,
            "max": 108004.6875,
            "count": 2
        },
        "MoveToGoal.Step.mean": {
            "value": 99984.0,
            "min": 49984.0,
            "max": 99984.0,
            "count": 2
        },
        "MoveToGoal.Step.sum": {
            "value": 99984.0,
            "min": 49984.0,
            "max": 99984.0,
            "count": 2
        },
        "MoveToGoal.Policy.ExtrinsicValueEstimate.mean": {
            "value": -0.05766376480460167,
            "min": -0.19269734621047974,
            "max": -0.05766376480460167,
            "count": 2
        },
        "MoveToGoal.Policy.ExtrinsicValueEstimate.sum": {
            "value": -46.131011962890625,
            "min": -153.96517944335938,
            "max": -46.131011962890625,
            "count": 2
        },
        "MoveToGoal.Environment.EpisodeLength.mean": {
            "value": 1999.0,
            "min": 1999.0,
            "max": 1999.0,
            "count": 2
        },
        "MoveToGoal.Environment.EpisodeLength.sum": {
            "value": 51974.0,
            "min": 47976.0,
            "max": 51974.0,
            "count": 2
        },
        "MoveToGoal.Environment.CumulativeReward.mean": {
            "value": -0.27279999732971194,
            "min": -17.10833247564733,
            "max": -0.27279999732971194,
            "count": 2
        },
        "MoveToGoal.Environment.CumulativeReward.sum": {
            "value": -6.819999933242798,
            "min": -410.5999794155359,
            "max": -6.819999933242798,
            "count": 2
        },
        "MoveToGoal.Policy.ExtrinsicReward.mean": {
            "value": -0.27279999732971194,
            "min": -17.10833247564733,
            "max": -0.27279999732971194,
            "count": 2
        },
        "MoveToGoal.Policy.ExtrinsicReward.sum": {
            "value": -6.819999933242798,
            "min": -410.5999794155359,
            "max": -6.819999933242798,
            "count": 2
        },
        "MoveToGoal.Losses.PolicyLoss.mean": {
            "value": 0.02454378991543005,
            "min": 0.02454378991543005,
            "max": 0.025245056843656737,
            "count": 2
        },
        "MoveToGoal.Losses.PolicyLoss.sum": {
            "value": 0.12271894957715025,
            "min": 0.10098022737462695,
            "max": 0.12271894957715025,
            "count": 2
        },
        "MoveToGoal.Losses.ValueLoss.mean": {
            "value": 0.004518003925525894,
            "min": 0.004518003925525894,
            "max": 0.046044793864712115,
            "count": 2
        },
        "MoveToGoal.Losses.ValueLoss.sum": {
            "value": 0.022590019627629472,
            "min": 0.022590019627629472,
            "max": 0.18417917545884846,
            "count": 2
        },
        "MoveToGoal.Policy.LearningRate.mean": {
            "value": 0.00025665409444864003,
            "min": 0.00025665409444864003,
            "max": 0.0002845248051584,
            "count": 2
        },
        "MoveToGoal.Policy.LearningRate.sum": {
            "value": 0.0012832704722432,
            "min": 0.0011380992206336,
            "max": 0.0012832704722432,
            "count": 2
        },
        "MoveToGoal.Policy.Epsilon.mean": {
            "value": 0.18555136,
            "min": 0.18555136,
            "max": 0.1948416,
            "count": 2
        },
        "MoveToGoal.Policy.Epsilon.sum": {
            "value": 0.9277568,
            "min": 0.7793664,
            "max": 0.9277568,
            "count": 2
        },
        "MoveToGoal.Policy.Beta.mean": {
            "value": 0.0042790128640000005,
            "min": 0.0042790128640000005,
            "max": 0.004742595840000001,
            "count": 2
        },
        "MoveToGoal.Policy.Beta.sum": {
            "value": 0.021395064320000004,
            "min": 0.018970383360000002,
            "max": 0.021395064320000004,
            "count": 2
        },
        "MoveToGoal.IsTraining.mean": {
            "value": 1.0,
            "min": 1.0,
            "max": 1.0,
            "count": 2
        },
        "MoveToGoal.IsTraining.sum": {
            "value": 1.0,
            "min": 1.0,
            "max": 1.0,
            "count": 2
        }
    },
    "metadata": {
        "timer_format_version": "0.1.0",
        "start_time_seconds": "1673301619",
        "python_version": "3.8.10 (tags/v3.8.10:3d8993a, May  3 2021, 11:48:03) [MSC v.1928 64 bit (AMD64)]",
        "command_line_arguments": "C:\\Users\\franc\\git\\Raptor-AI\\Raptor-AI\\venv\\Scripts\\mlagents-learn --force",
        "mlagents_version": "0.29.0",
        "mlagents_envs_version": "0.29.0",
        "communication_protocol_version": "1.5.0",
        "pytorch_version": "1.7.0+cpu",
        "numpy_version": "1.21.2",
        "end_time_seconds": "1673302279"
    },
    "total": 659.7084285999999,
    "count": 1,
    "self": 0.007626999999956752,
    "children": {
        "run_training.setup": {
            "total": 0.06322260000000002,
            "count": 1,
            "self": 0.06322260000000002
        },
        "TrainerController.start_learning": {
            "total": 659.637579,
            "count": 1,
            "self": 1.413635199999021,
            "children": {
                "TrainerController._reset_env": {
                    "total": 24.1727514,
                    "count": 1,
                    "self": 24.1727514
                },
                "TrainerController.advance": {
                    "total": 633.8295713000009,
                    "count": 52684,
                    "self": 1.229224699998781,
                    "children": {
                        "env_step": {
                            "total": 592.4230870000004,
                            "count": 52684,
                            "self": 487.71510030001093,
                            "children": {
                                "SubprocessEnvManager._take_step": {
                                    "total": 103.75399589999276,
                                    "count": 52684,
                                    "self": 4.632349699988424,
                                    "children": {
                                        "TorchPolicy.evaluate": {
                                            "total": 99.12164620000434,
                                            "count": 52684,
                                            "self": 21.8494080000049,
                                            "children": {
                                                "TorchPolicy.sample_actions": {
                                                    "total": 77.27223819999944,
                                                    "count": 52684,
                                                    "self": 77.27223819999944
                                                }
                                            }
                                        }
                                    }
                                },
                                "workers": {
                                    "total": 0.9539907999966601,
                                    "count": 52683,
                                    "self": 0.0,
                                    "children": {
                                        "worker_root": {
                                            "total": 569.3438686000053,
                                            "count": 52683,
                                            "is_parallel": true,
                                            "self": 228.07608860001363,